order_id,customer_id,product_id,order_date,quantity,unit_price,total_price,month
1,1,1,8/22/2020,62,691.3,42860.6,9
2,2,2,1/15/2020,4,502.09,2008.36,9
3,3,3,3/14/2020,45,378.01,17010.45,9
4,4,4,12/30/2020,78,163.19,12728.82,9
5,5,5,10/16/2020,17,337.39,5735.63,12
6,6,6,11/20/2020,37,831.43,30762.91,4
7,7,7,1/12/2020,12,645.54,7746.48,2
8,8,8,6/29/2020,36,957.0,34452.0,11
9,9,9,5/3/2020,96,327.84,31472.64,4
10,10,10,2/1/2020,17,150.31,2555.27,2
11,11,11,4/12/2020,34,910.41,30953.94,3
12,12,12,6/3/2020,11,468.81,5156.91,4
13,13,13,6/6/2020,99,900.62,89161.38,4
14,14,14,9/23/2020,29,867.35,25153.15,6
15,15,15,5/23/2020,4,186.4,745.6,1
16,16,16,7/3/2020,39,686.7,26781.3,4
17,17,17,3/9/2020,49,921.14,45135.86,7
18,18,18,9/29/2020,18,832.67,14988.06,1
19,19,19,8/27/2020,44,214.58,9441.52,11
20,20,20,5/19/2020,13,296.93,3860.09,7
21,21,21,10/24/2020,6,175.74,1054.44,5
22,22,22,3/26/2020,4,573.95,2295.8,12
23,23,23,8/25/2020,48,853.66,40975.68,10
24,24,24,9/29/2020,64,87.73,5614.72,8
25,25,25,1/9/2020,86,154.53,13289.58,3
26,26,26,12/29/2020,10,868.53,8685.3,3
27,27,27,8/19/2020,100,655.75,65575.0,12
28,28,28,10/27/2020,86,362.53,31177.58,9
29,29,29,5/21/2020,29,696.3,20192.7,11
30,30,30,8/25/2020,10,462.73,4627.3,7
31,31,31,7/13/2020,3,231.53,694.59,10
32,32,32,4/6/2020,8,96.37,770.96,1
33,33,33,10/6/2020,85,379.1,32223.5,5
34,34,34,8/3/2020,54,995.33,53747.82,5
35,35,35,5/27/2020,50,279.17,13958.5,1
36,36,36,7/17/2020,46,554.19,25492.74,5
37,37,37,11/2/2020,56,481.17,26945.52,6
38,38,38,3/13/2020,42,442.72,18594.24,4
39,39,39,6/29/2020,9,599.0,5391.0,7
40,40,40,5/18/2020,88,304.73,26816.24,1
41,41,41,12/28/2020,46,623.15,28664.9,1
42,42,42,10/8/2020,45,414.96,18673.2,12
43,43,43,5/14/2020,3,444.21,1332.63,3
44,44,44,11/29/2020,92,538.89,49577.88,5
45,45,45,12/29/2020,4,732.73,2930.92,8
46,46,46,4/2/2020,84,972.19,81663.96,3
47,47,47,4/25/2020,9,146.9,1322.1,9
48,48,48,1/19/2020,75,154.33,11574.75,4
49,49,49,5/13/2020,36,600.29,21610.44,4
50,50,50,3/30/2020,31,326.34,10116.54,6
51,51,51,1/29/2020,73,37.15,2711.95,3
52,52,52,6/14/2020,40,21.99,879.6,10
53,53,53,2/25/2020,50,701.67,35083.5,12
54,54,54,9/23/2020,78,309.36,24130.08,5
55,55,55,10/3/2020,89,678.23,60362.47,5
56,56,56,10/13/2020,3,996.99,2990.97,11
57,57,57,11/17/2020,47,586.0,27542.0,1
58,58,58,6/20/2020,20,797.42,15948.4,12
59,59,59,2/19/2020,89,164.84,14670.76,2
60,60,60,1/3/2020,59,71.47,4216.73,10
61,61,61,7/8/2020,85,920.31,78226.35,7
62,62,62,3/3/2020,34,545.66,18552.44,9
63,63,63,1/3/2020,26,491.12,12769.12,2
64,64,64,1/24/2020,65,545.73,35472.45,7
65,65,65,7/21/2020,36,951.51,34254.36,4
66,66,66,7/5/2020,78,235.49,18368.22,6
67,67,67,7/25/2020,26,670.15,17423.9,9
68,68,68,2/3/2020,67,626.77,41993.59,9
69,69,69,3/30/2020,41,750.47,30769.27,3
70,70,70,1/27/2020,89,789.57,70271.73,2
71,71,71,11/15/2020,86,704.9,60621.4,2
72,72,72,12/9/2020,45,412.71,18571.95,12
73,73,73,8/5/2020,34,548.95,18664.3,10
74,74,74,9/3/2020,50,147.75,7387.5,8
75,75,75,10/23/2020,80,165.67,13253.6,10
76,76,76,9/28/2020,83,43.79,3634.57,9
77,77,77,11/19/2020,34,915.92,31141.28,10
78,78,78,8/7/2020,75,64.73,4854.75,8
79,79,79,6/18/2020,83,860.0,71380.0,8
80,80,80,3/19/2020,70,634.01,44380.7,3
81,81,81,10/23/2020,23,487.85,11220.55,2
82,82,82,1/12/2020,10,673.52,6735.2,6
83,83,83,10/30/2020,62,75.47,4679.14,3
84,84,84,5/26/2020,47,846.66,39793.02,3
85,85,85,12/14/2020,65,311.79,20266.35,8
86,86,86,2/22/2020,12,469.83,5637.96,6
87,87,87,12/24/2020,84,281.26,23625.84,6
88,88,88,1/18/2020,72,657.6,47347.2,10
89,89,89,9/20/2020,52,173.76,9035.52,6
90,90,90,4/2/2020,71,495.46,35177.66,5
91,91,91,12/7/2020,2,563.75,1127.5,8
92,92,92,4/25/2020,36,257.51,9270.36,1
93,93,93,6/11/2020,32,854.14,27332.48,6
94,94,94,6/14/2020,47,58.5,2749.5,2
95,95,95,8/2/2020,16,573.35,9173.6,4
96,96,96,11/20/2020,39,687.94,26829.66,11
97,97,97,3/1/2020,55,195.92,10775.6,9
98,98,98,7/4/2020,69,277.6,19154.4,8
99,99,99,12/17/2020,60,493.0,29580.0,5
100,100,100,8/27/2020,91,697.13,63438.83,4
101,101,101,9/1/2020,3,469.74,1409.22,8
102,102,102,4/9/2020,43,851.62,36619.66,7
103,103,103,7/18/2020,93,215.06,20000.58,3
104,104,104,10/26/2020,84,420.12,35290.08,10
105,105,105,1/25/2020,100,200.59,20059.0,12
106,106,106,4/18/2020,82,484.87,39759.34,6
107,107,107,12/14/2020,35,437.84,15324.4,8
108,108,108,1/27/2020,20,250.37,5007.4,11
109,109,109,8/20/2020,8,995.23,7961.84,1
110,110,110,3/9/2020,39,281.71,10986.69,2
111,111,111,7/16/2020,46,724.29,33317.34,8
112,112,112,7/3/2020,78,357.93,27918.54,9
113,113,113,2/25/2020,27,194.91,5262.57,9
114,114,114,12/25/2020,96,697.23,66934.08,4
115,115,115,5/30/2020,7,916.18,6413.26,6
116,116,116,6/11/2020,34,736.04,25025.36,4
117,117,117,3/3/2020,96,502.75,48264.0,10
118,118,118,12/18/2020,23,957.86,22030.78,9
119,119,119,9/16/2020,29,78.95,2289.55,11
120,120,120,5/8/2020,96,561.36,53890.56,2
121,121,121,2/3/2020,34,216.1,7347.4,12
122,122,122,3/10/2020,49,401.34,19665.66,10
123,123,123,12/21/2020,6,345.94,2075.64,2
124,124,124,9/4/2020,80,132.26,10580.8,1
125,125,125,5/8/2020,10,831.59,8315.9,7
126,126,126,6/7/2020,69,123.07,8491.83,7
127,127,127,2/15/2020,46,833.62,38346.52,10
128,128,128,1/11/2020,91,349.66,31819.06,7
129,129,129,4/10/2020,43,838.89,36072.27,12
130,130,130,9/4/2020,81,277.13,22447.53,11
131,131,131,6/11/2020,24,327.45,7858.8,7
132,132,132,4/9/2020,53,198.95,10544.35,3
133,133,133,10/6/2020,68,592.24,40272.32,8
134,134,134,4/28/2020,64,964.38,61720.32,11
135,135,135,12/15/2020,1,411.07,411.07,1
136,136,136,4/17/2020,16,956.8,15308.8,12
137,137,137,4/28/2020,55,512.07,28163.85,10
138,138,138,12/18/2020,67,760.57,50958.19,12
139,139,139,4/28/2020,52,537.73,27961.96,2
140,140,140,4/15/2020,22,813.35,17893.7,3
141,141,141,8/16/2020,55,546.24,30043.2,6
142,142,142,7/11/2020,100,303.38,30338.0,9
143,143,143,5/17/2020,16,722.8,11564.8,5
144,144,144,10/9/2020,60,711.45,42687.0,3
145,145,145,5/17/2020,44,85.23,3750.12,9
146,146,146,11/2/2020,42,67.37,2829.54,8
147,147,147,12/4/2020,33,479.12,15810.96,12
148,148,148,4/16/2020,68,176.69,12014.92,6
149,149,149,7/28/2020,43,140.83,6055.69,5
150,150,150,3/10/2020,21,197.27,4142.67,12
151,151,151,6/7/2020,14,145.2,2032.8,8
152,152,152,1/2/2020,64,619.2,39628.8,1
153,153,153,2/26/2020,8,354.48,2835.84,11
154,154,154,4/4/2020,32,37.99,1215.68,2
155,155,155,6/9/2020,61,828.75,50553.75,12
156,156,156,9/12/2020,82,708.55,58101.1,1
157,157,157,12/20/2020,93,708.13,65856.09,1
158,158,158,11/29/2020,63,955.14,60173.82,5
159,159,159,3/3/2020,97,353.75,34313.75,1
160,160,160,9/9/2020,16,698.88,11182.08,9
161,161,161,4/4/2020,62,145.69,9032.78,11
162,162,162,3/19/2020,40,373.01,14920.4,9
163,163,163,11/15/2020,79,860.29,67962.91,2
164,164,164,7/29/2020,99,800.78,79277.22,7
165,165,165,12/7/2020,15,406.45,6096.75,11
166,166,166,11/26/2020,94,75.36,7083.84,4
167,167,167,11/25/2020,91,336.09,30584.19,10
168,168,168,7/7/2020,15,636.49,9547.35,12
169,169,169,11/26/2020,80,446.91,35752.8,5
170,170,170,7/7/2020,95,162.78,15464.1,5
171,171,171,3/1/2020,42,421.43,17700.06,1
172,172,172,11/5/2020,72,339.3,24429.6,8
173,173,173,1/24/2020,78,42.96,3350.88,1
174,174,174,10/22/2020,80,510.61,40848.8,2
175,175,175,7/9/2020,38,617.64,23470.32,12
176,176,176,3/18/2020,37,574.5,21256.5,10
177,177,177,2/9/2020,82,195.32,16016.24,2
178,178,178,3/26/2020,58,656.48,38075.84,7
179,179,179,4/27/2020,63,743.12,46816.56,10
180,180,180,1/23/2020,7,990.22,6931.54,7
181,181,181,11/25/2020,59,201.69,11899.71,1
182,182,182,5/17/2020,10,947.41,9474.1,4
183,183,183,10/18/2020,77,461.51,35536.27,2
184,184,184,3/21/2020,14,367.88,5150.32,1
185,185,185,4/28/2020,38,212.99,8093.62,5
186,186,186,8/8/2020,20,603.42,12068.4,5
187,187,187,7/29/2020,81,352.08,28518.48,10
188,188,188,2/8/2020,34,965.65,32832.1,1
189,189,189,12/26/2020,39,212.2,8275.8,1
190,190,190,2/17/2020,6,397.06,2382.36,3
191,191,191,1/25/2020,70,990.78,69354.6,5
192,192,192,2/4/2020,77,998.4,76876.8,3
193,193,193,1/19/2020,56,783.78,43891.68,7
194,194,194,8/18/2020,6,271.21,1627.26,5
195,195,195,11/16/2020,53,111.8,5925.4,1
196,196,196,1/5/2020,91,124.42,11322.22,12
197,197,197,12/1/2020,37,430.34,15922.58,5
198,198,198,6/6/2020,76,436.94,33207.44,7
199,199,199,1/25/2020,37,45.35,1677.95,9
200,200,200,3/20/2020,99,91.95,9103.05,2
201,201,201,12/28/2020,84,397.62,33400.08,2
202,202,202,12/18/2020,59,638.85,37692.15,1
203,203,203,4/8/2020,76,748.28,56869.28,10
204,204,204,3/3/2020,48,784.45,37653.6,6
205,205,205,8/16/2020,3,394.19,1182.57,11
206,206,206,8/30/2020,6,229.72,1378.32,5
207,207,207,1/27/2020,42,648.54,27238.68,8
208,208,208,9/29/2020,39,823.77,32127.03,12
209,209,209,8/21/2020,88,474.35,41742.8,12
210,210,210,5/8/2020,69,186.85,12892.65,8
211,211,211,1/4/2020,19,324.35,6162.65,12
212,212,212,1/2/2020,70,325.41,22778.7,11
213,213,213,4/5/2020,82,520.8,42705.6,11
214,214,214,10/20/2020,34,576.92,19615.28,3
215,215,215,10/21/2020,92,13.92,1280.64,9
216,216,216,6/8/2020,23,138.03,3174.69,10
217,217,217,12/4/2020,73,178.51,13031.23,6
218,218,218,12/24/2020,94,184.59,17351.46,3
219,219,219,7/24/2020,2,560.36,1120.72,3
220,220,220,9/5/2020,37,818.78,30294.86,4
221,221,221,7/3/2020,56,631.61,35370.16,7
222,222,222,9/14/2020,60,409.76,24585.6,7
223,223,223,5/16/2020,8,764.05,6112.4,1
224,224,224,3/22/2020,67,86.6,5802.2,3
225,225,225,2/18/2020,60,749.49,44969.4,10
226,226,226,7/14/2020,45,253.8,11421.0,3
227,227,227,5/12/2020,96,163.14,15661.44,7
228,228,228,9/14/2020,4,185.84,743.36,10
229,229,229,4/8/2020,31,7.35,227.85,5
230,230,230,1/17/2020,92,880.44,81000.48,2
231,231,231,4/5/2020,12,342.94,4115.28,1
232,232,232,9/3/2020,62,910.96,56479.52,11
233,233,233,1/26/2020,26,528.24,13734.24,3
234,234,234,2/9/2020,90,67.4,6066.0,10
235,235,235,6/1/2020,97,61.84,5998.48,1
236,236,236,8/26/2020,43,541.59,23288.37,12
237,237,237,5/26/2020,28,943.74,26424.72,11
238,238,238,6/23/2020,92,25.54,2349.68,3
239,239,239,12/6/2020,54,828.03,44713.62,12
240,240,240,1/11/2020,60,90.26,5415.6,8
241,241,241,9/28/2020,26,635.54,16524.04,9
242,242,242,8/12/2020,37,967.91,35812.67,12
243,243,243,12/3/2020,42,206.55,8675.1,2
244,244,244,10/18/2020,73,618.96,45184.08,3
245,245,245,4/4/2020,92,172.95,15911.4,1
246,246,246,4/2/2020,23,702.51,16157.73,9
247,247,247,5/20/2020,27,768.46,20748.42,7
248,248,248,11/16/2020,90,223.42,20107.8,10
249,249,249,8/11/2020,2,461.03,922.06,3
250,250,250,8/18/2020,68,356.63,24250.84,6
251,251,251,11/15/2020,16,269.52,4312.32,7
252,252,252,1/7/2020,50,148.44,7422.0,1
253,253,253,3/22/2020,46,209.1,9618.6,1
254,254,254,3/27/2020,8,855.78,6846.24,2
255,255,255,4/25/2020,96,627.52,60241.92,8
256,256,256,8/6/2020,47,940.91,44222.77,3
257,257,257,10/1/2020,66,929.25,61330.5,3
258,258,258,7/24/2020,29,879.3,25499.7,6
259,259,259,8/2/2020,13,142.39,1851.07,10
260,260,260,2/21/2020,49,911.7,44673.3,4
261,261,261,5/29/2020,94,996.22,93644.68,5
262,262,262,10/9/2020,38,870.1,33063.8,1
263,263,263,1/2/2020,77,309.48,23829.96,12
264,264,264,11/15/2020,58,928.94,53878.52,5
265,265,265,6/10/2020,14,303.44,4248.16,7
266,266,266,5/6/2020,87,948.28,82500.36,3
267,267,267,4/12/2020,74,253.34,18747.16,6
268,268,268,2/13/2020,28,912.29,25544.12,4
269,269,269,10/25/2020,1,102.48,102.48,3
270,270,270,7/7/2020,92,235.07,21626.44,5
271,271,271,10/17/2020,79,193.74,15305.46,5
272,272,272,10/29/2020,56,316.59,17729.04,7
273,273,273,2/6/2020,16,372.99,5967.84,12
274,274,274,1/22/2020,11,384.44,4228.84,1
275,275,275,9/27/2020,35,224.75,7866.25,8
276,276,276,4/11/2020,92,383.59,35290.28,5
277,277,277,9/26/2020,47,921.62,43316.14,3
278,278,278,4/21/2020,89,503.08,44774.12,10
279,279,279,9/21/2020,77,618.41,47617.57,7
280,280,280,12/11/2020,39,616.97,24061.83,8
281,281,281,11/7/2020,11,768.73,8456.03,11
282,282,282,3/5/2020,8,265.32,2122.56,2
283,283,283,10/3/2020,39,554.5,21625.5,5
284,284,284,11/15/2020,58,264.14,15320.12,5
285,285,285,10/10/2020,93,971.2,90321.6,12
286,286,286,7/19/2020,26,172.64,4488.64,11
287,287,287,10/10/2020,58,681.03,39499.74,6
288,288,288,6/11/2020,24,539.01,12936.24,1
289,289,289,12/12/2020,92,376.78,34663.76,5
290,290,290,11/27/2020,79,474.9,37517.1,1
291,291,291,12/5/2020,92,320.78,29511.76,5
292,292,292,5/15/2020,97,110.37,10705.89,11
293,293,293,4/25/2020,25,525.99,13149.75,11
294,294,294,10/16/2020,89,15.98,1422.22,12
295,295,295,4/18/2020,3,187.83,563.49,12
296,296,296,9/15/2020,83,747.79,62066.57,9
297,297,297,3/24/2020,22,24.74,544.28,10
298,298,298,10/9/2020,4,956.26,3825.04,5
299,299,299,8/26/2020,49,764.92,37481.08,12
300,300,300,10/27/2020,31,497.91,15435.21,6
301,301,301,9/4/2020,28,368.82,10326.96,11
302,302,302,6/25/2020,84,997.6,83798.4,10
303,303,303,1/3/2020,98,684.88,67118.24,4
304,304,304,4/13/2020,75,535.36,40152.0,1
305,305,305,2/5/2020,34,799.89,27196.26,12
306,306,306,6/17/2020,11,407.29,4480.19,11
307,307,307,10/14/2020,88,740.7,65181.6,4
308,308,308,6/2/2020,76,415.76,31597.76,5
309,309,309,4/6/2020,9,270.97,2438.73,12
310,310,310,10/26/2020,51,295.3,15060.3,3
311,311,311,11/23/2020,78,382.79,29857.62,9
312,312,312,7/21/2020,78,155.65,12140.7,3
313,313,313,4/13/2020,88,438.2,38561.6,8
314,314,314,12/26/2020,30,370.88,11126.4,12
315,315,315,1/4/2020,70,631.75,44222.5,8
316,316,316,12/16/2020,35,21.64,757.4,3
317,317,317,1/16/2020,77,602.42,46386.34,7
318,318,318,12/19/2020,37,808.42,29911.54,11
319,319,319,1/25/2020,48,775.81,37238.88,3
320,320,320,2/25/2020,32,827.6,26483.2,8
321,321,321,5/9/2020,94,457.28,42984.32,9
322,322,322,7/14/2020,22,15.35,337.7,11
323,323,323,7/15/2020,85,758.48,64470.8,9
324,324,324,7/5/2020,85,243.39,20688.15,9
325,325,325,11/18/2020,54,202.52,10936.08,12
326,326,326,11/3/2020,31,778.71,24140.01,10
327,327,327,12/11/2020,7,367.71,2573.97,8
328,328,328,6/3/2020,85,793.56,67452.6,4
329,329,329,2/13/2020,67,404.21,27082.07,1
330,330,330,7/7/2020,39,823.98,32135.22,7
331,331,331,6/12/2020,37,667.17,24685.29,1
332,332,332,12/13/2020,68,749.65,50976.2,10
333,333,333,1/13/2020,9,218.61,1967.49,4
334,334,334,1/24/2020,83,873.09,72466.47,4
335,335,335,2/13/2020,2,570.38,1140.76,11
336,336,336,9/13/2020,87,932.11,81093.57,5
337,337,337,7/28/2020,77,175.58,13519.66,12
338,338,338,9/29/2020,71,604.93,42950.03,3
339,339,339,5/10/2020,14,111.97,1567.58,11
340,340,340,12/15/2020,55,399.52,21973.6,7
341,341,341,8/7/2020,14,288.23,4035.22,10
342,342,342,12/22/2020,68,567.67,38601.56,3
343,343,343,5/18/2020,6,772.28,4633.68,1
344,344,344,5/19/2020,7,359.99,2519.93,7
345,345,345,10/6/2020,53,563.44,29862.32,2
346,346,346,8/3/2020,55,165.73,9115.15,1
347,347,347,7/11/2020,41,127.81,5240.21,12
348,348,348,3/24/2020,14,1.39,19.46,12
349,349,349,5/4/2020,70,32.62,2283.4,2
350,350,350,9/9/2020,84,777.49,65309.16,9
351,351,351,9/18/2020,23,241.2,5547.6,3
352,352,352,8/30/2020,27,599.21,16178.67,12
353,353,353,11/29/2020,34,859.4,29219.6,8
354,354,354,12/3/2020,44,720.85,31717.4,7
355,355,355,2/21/2020,98,745.73,73081.54,1
356,356,356,9/4/2020,21,730.91,15349.11,8
357,357,357,7/16/2020,38,526.3,19999.4,11
358,358,358,8/15/2020,64,146.83,9397.12,2
359,359,359,8/1/2020,25,153.32,3833.0,9
360,360,360,2/12/2020,64,597.59,38245.76,1
361,361,361,11/27/2020,100,920.19,92019.0,7
362,362,362,8/22/2020,31,448.73,13910.63,1
363,363,363,9/20/2020,76,728.64,55376.64,7
364,364,364,6/2/2020,86,149.15,12826.9,10
365,365,365,11/29/2020,58,677.87,39316.46,4
366,366,366,3/15/2020,3,439.07,1317.21,5
367,367,367,7/2/2020,32,910.26,29128.32,2
368,368,368,8/14/2020,87,812.72,70706.64,3
369,369,369,7/28/2020,20,675.43,13508.6,1
370,370,370,9/5/2020,78,207.4,16177.2,6
371,371,371,1/21/2020,89,363.83,32380.87,9
372,372,372,11/25/2020,53,804.84,42656.52,1
373,373,373,2/13/2020,67,30.29,2029.43,5
374,374,374,2/19/2020,59,365.85,21585.15,7
375,375,375,4/17/2020,20,548.79,10975.8,5
376,376,376,7/21/2020,9,867.04,7803.36,9
377,377,377,5/19/2020,62,589.44,36545.28,7
378,378,378,2/1/2020,45,485.15,21831.75,3
379,379,379,6/28/2020,59,313.07,18471.13,7
380,380,380,10/2/2020,17,323.83,5505.11,2
381,381,381,12/13/2020,13,769.89,10008.57,4
382,382,382,12/30/2020,94,222.33,20899.02,8
383,383,383,3/12/2020,83,472.91,39251.53,11
384,384,384,12/7/2020,95,130.92,12437.4,3
385,385,385,9/24/2020,18,991.13,17840.34,5
386,386,386,2/8/2020,9,61.2,550.8,9
387,387,387,12/8/2020,61,261.87,15974.07,9
388,388,388,8/19/2020,3,44.11,132.33,8
389,389,389,11/3/2020,73,209.77,15313.21,9
390,390,390,12/13/2020,5,347.2,1736.0,8
391,391,391,4/30/2020,61,978.84,59709.24,8
392,392,392,7/18/2020,10,331.93,3319.3,3
393,393,393,9/26/2020,57,102.32,5832.24,10
394,394,394,6/27/2020,22,178.61,3929.42,10
395,395,395,4/26/2020,33,146.91,4848.03,7
396,396,396,7/31/2020,35,699.95,24498.25,10
397,397,397,5/16/2020,91,230.28,20955.48,2
398,398,398,2/20/2020,37,8.13,300.81,1
399,399,399,11/4/2020,9,350.2,3151.8,11
400,400,400,10/23/2020,44,510.13,22445.72,11
401,401,401,9/26/2020,48,907.39,43554.72,1
402,402,402,11/30/2020,3,578.84,1736.52,9
403,403,403,4/8/2020,52,515.81,26822.12,3
404,404,404,8/8/2020,71,639.13,45378.23,3
405,405,405,12/21/2020,100,239.12,23912.0,6
406,406,406,7/16/2020,15,112.85,1692.75,8
407,407,407,8/7/2020,40,661.95,26478.0,1
408,408,408,6/29/2020,96,297.42,28552.32,6
409,409,409,2/7/2020,35,503.77,17631.95,10
410,410,410,3/11/2020,58,577.41,33489.78,6
411,411,411,9/17/2020,36,251.76,9063.36,1
412,412,412,11/12/2020,92,325.33,29930.36,8
413,413,413,4/9/2020,1,839.28,839.28,9
414,414,414,12/5/2020,96,541.13,51948.48,5
415,415,415,4/5/2020,58,735.2,42641.6,4
416,416,416,12/26/2020,6,634.42,3806.52,6
417,417,417,4/1/2020,62,668.85,41468.7,5
418,418,418,2/27/2020,78,61.45,4793.1,9
419,419,419,2/17/2020,37,417.87,15461.19,6
420,420,420,6/17/2020,79,979.96,77416.84,12
421,421,421,7/14/2020,60,817.04,49022.4,8
422,422,422,10/31/2020,25,931.59,23289.75,7
423,423,423,9/8/2020,75,740.28,55521.0,3
424,424,424,3/5/2020,70,406.65,28465.5,10
425,425,425,9/21/2020,79,0.41,32.39,7
426,426,426,6/4/2020,82,705.29,57833.78,10
427,427,427,11/11/2020,54,832.51,44955.54,10
428,428,428,10/18/2020,77,928.42,71488.34,1
429,429,429,9/27/2020,20,743.36,14867.2,5
430,430,430,7/26/2020,78,540.85,42186.3,3
431,431,431,9/28/2020,18,884.69,15924.42,1
432,432,432,2/16/2020,66,890.08,58745.28,2
433,433,433,10/29/2020,96,854.41,82023.36,8
434,434,434,11/22/2020,31,479.33,14859.23,9
435,435,435,12/8/2020,27,601.18,16231.86,3
436,436,436,12/22/2020,7,296.5,2075.5,11
437,437,437,12/28/2020,69,888.63,61315.47,2
438,438,438,12/14/2020,100,741.76,74176.0,6
439,439,439,11/17/2020,56,707.97,39646.32,6
440,440,440,5/6/2020,56,311.1,17421.6,10
441,441,441,12/29/2020,38,626.51,23807.38,4
442,442,442,6/1/2020,11,853.36,9386.96,2
443,443,443,1/2/2020,38,805.89,30623.82,9
444,444,444,1/25/2020,35,983.48,34421.8,5
445,445,445,2/10/2020,1,695.76,695.76,11
446,446,446,1/21/2020,61,425.35,25946.35,3
447,447,447,9/1/2020,92,667.54,61413.68,11
448,448,448,4/1/2020,86,883.74,76001.64,8
449,449,449,7/11/2020,45,300.85,13538.25,2
450,450,450,6/3/2020,6,247.52,1485.12,5
451,451,451,6/30/2020,69,789.86,54500.34,1
452,452,452,6/15/2020,22,550.53,12111.66,3
453,453,453,1/22/2020,90,830.88,74779.2,11
454,454,454,9/30/2020,40,810.57,32422.8,9
455,455,455,8/23/2020,9,549.01,4941.09,4
456,456,456,8/27/2020,40,718.43,28737.2,5
457,457,457,12/25/2020,48,8.26,396.48,9
458,458,458,5/1/2020,82,338.23,27734.86,3
459,459,459,2/2/2020,1,865.95,865.95,3
460,460,460,5/28/2020,43,904.91,38911.13,6
461,461,461,3/5/2020,4,957.68,3830.72,3
462,462,462,8/24/2020,55,1.18,64.9,1
463,463,463,6/21/2020,2,700.59,1401.18,11
464,464,464,11/25/2020,92,309.14,28440.88,2
465,465,465,2/19/2020,79,575.55,45468.45,11
466,466,466,11/29/2020,10,435.3,4353.0,10
467,467,467,8/23/2020,18,338.8,6098.4,2
468,468,468,1/25/2020,67,52.96,3548.32,11
469,469,469,10/17/2020,21,510.9,10728.9,3
470,470,470,2/22/2020,4,526.86,2107.44,3
471,471,471,5/13/2020,52,133.35,6934.2,7
472,472,472,2/26/2020,77,230.08,17716.16,4
473,473,473,9/18/2020,72,151.01,10872.72,3
474,474,474,3/29/2020,89,804.57,71606.73,9
475,475,475,1/31/2020,1,864.95,864.95,10
476,476,476,9/12/2020,31,40.85,1266.35,2
477,477,477,3/29/2020,42,129.13,5423.46,11
478,478,478,10/16/2020,87,730.42,63546.54,5
479,479,479,4/5/2020,90,619.45,55750.5,9
480,480,480,8/15/2020,58,741.65,43015.7,3
481,481,481,12/5/2020,43,494.23,21251.89,5
482,482,482,5/11/2020,14,257.61,3606.54,2
483,483,483,7/9/2020,28,937.6,26252.8,3
484,484,484,6/19/2020,97,201.04,19500.88,8
485,485,485,10/25/2020,40,68.36,2734.4,7
486,486,486,1/24/2020,9,870.02,7830.18,7
487,487,487,1/17/2020,52,416.35,21650.2,7
488,488,488,10/3/2020,32,289.02,9248.64,12
489,489,489,3/3/2020,86,352.44,30309.84,7
490,490,490,4/3/2020,63,864.91,54489.33,8
491,491,491,10/23/2020,91,702.05,63886.55,6
492,492,492,4/14/2020,36,77.89,2804.04,1
493,493,493,6/27/2020,63,317.22,19984.86,10
494,494,494,7/16/2020,29,845.82,24528.78,8
495,495,495,8/10/2020,38,135.81,5160.78,1
496,496,496,6/24/2020,46,544.81,25061.26,10
497,497,497,12/8/2020,61,999.25,60954.25,7
498,498,498,8/12/2020,79,777.13,61393.27,7
499,499,499,8/22/2020,83,363.49,30169.67,1
500,500,500,8/18/2020,42,502.79,21117.18,2
501,501,501,1/16/2020,86,675.76,58115.36,12
502,502,502,10/10/2020,78,772.34,60242.52,8
503,503,503,4/12/2020,51,769.53,39246.03,4
504,504,504,8/10/2020,52,803.19,41765.88,3
505,505,505,6/12/2020,68,588.23,39999.64,10
506,506,506,8/15/2020,68,407.53,27712.04,8
507,507,507,12/7/2020,22,831.57,18294.54,2
508,508,508,5/18/2020,75,425.21,31890.75,2
509,509,509,2/8/2020,83,435.65,36158.95,6
510,510,510,2/16/2020,53,791.47,41947.91,8
511,511,511,12/3/2020,38,304.3,11563.4,3
512,512,512,11/6/2020,90,829.65,74668.5,5
513,513,513,9/27/2020,85,750.53,63795.05,7
514,514,514,7/17/2020,37,499.29,18473.73,12
515,515,515,4/7/2020,41,634.19,26001.79,3
516,516,516,11/14/2020,35,332.12,11624.2,4
517,517,517,6/10/2020,82,589.85,48367.7,5
518,518,518,3/23/2020,19,430.46,8178.74,2
519,519,519,11/18/2020,61,360.86,22012.46,7
520,520,520,5/18/2020,9,107.84,970.56,7
521,521,521,9/8/2020,86,567.97,48845.42,12
522,522,522,1/9/2020,14,109.1,1527.4,12
523,523,523,9/10/2020,31,947.83,29382.73,5
524,524,524,7/28/2020,62,466.08,28896.96,11
525,525,525,2/14/2020,33,103.96,3430.68,11
526,526,526,1/14/2020,10,691.55,6915.5,1
527,527,527,8/10/2020,22,693.51,15257.22,7
528,528,528,12/29/2020,48,521.84,25048.32,10
529,529,529,3/13/2020,88,46.89,4126.32,2
530,530,530,5/17/2020,78,569.72,44438.16,1
531,531,531,3/26/2020,32,225.73,7223.36,2
532,532,532,10/29/2020,15,819.82,12297.3,1
533,533,533,8/10/2020,74,389.65,28834.1,11
534,534,534,4/5/2020,16,264.36,4229.76,6
535,535,535,4/7/2020,77,889.58,68497.66,3
536,536,536,12/25/2020,39,476.36,18578.04,9
537,537,537,5/23/2020,19,178.96,3400.24,12
538,538,538,4/23/2020,37,398.84,14757.08,10
539,539,539,4/2/2020,59,125.65,7413.35,1
540,540,540,4/29/2020,23,631.79,14531.17,12
541,541,541,3/15/2020,39,316.48,12342.72,11
542,542,542,2/4/2020,60,545.39,32723.4,8
543,543,543,6/18/2020,42,998.19,41923.98,12
544,544,544,7/28/2020,54,411.14,22201.56,11
545,545,545,4/28/2020,50,162.36,8118.0,3
546,546,546,8/16/2020,2,712.78,1425.56,6
547,547,547,3/26/2020,77,822.32,63318.64,3
548,548,548,12/1/2020,90,367.55,33079.5,10
549,549,549,12/15/2020,78,397.94,31039.32,2
550,550,550,6/11/2020,44,742.78,32682.32,12
551,551,551,3/4/2020,77,202.52,15594.04,7
552,552,552,5/1/2020,55,289.01,15895.55,7
553,553,553,3/6/2020,91,981.3,89298.3,11
554,554,554,7/13/2020,37,484.73,17935.01,10
555,555,555,11/20/2020,89,914.63,81402.07,4
556,556,556,8/3/2020,6,711.11,4266.66,5
557,557,557,11/24/2020,13,226.58,2945.54,1
558,558,558,9/21/2020,21,816.17,17139.57,5
559,559,559,9/2/2020,21,624.02,13104.42,12
560,560,560,10/5/2020,23,331.45,7623.35,5
561,561,561,1/6/2020,56,658.78,36891.68,7
562,562,562,5/22/2020,99,801.3,79328.7,11
563,563,563,1/18/2020,7,944.94,6614.58,11
564,564,564,1/31/2020,24,874.63,20991.12,7
565,565,565,7/15/2020,57,388.45,22141.65,6
566,566,566,9/15/2020,40,767.53,30701.2,8
567,567,567,11/23/2020,31,449.67,13939.77,8
568,568,568,9/1/2020,60,583.21,34992.6,8
569,569,569,8/31/2020,91,178.57,16249.87,1
570,570,570,1/5/2020,85,783.54,66600.9,6
571,571,571,1/4/2020,25,59.31,1482.75,10
572,572,572,10/10/2020,77,909.32,70017.64,6
573,573,573,4/4/2020,4,218.0,872.0,10
574,574,574,9/30/2020,97,267.73,25969.81,12
575,575,575,4/1/2020,46,601.34,27661.64,9
576,576,576,2/20/2020,9,652.64,5873.76,12
577,577,577,9/15/2020,5,201.88,1009.4,11
578,578,578,7/28/2020,74,263.96,19533.04,11
579,579,579,2/10/2020,54,884.84,47781.36,11
580,580,580,7/24/2020,77,92.49,7121.73,6
581,581,581,3/16/2020,26,948.04,24649.04,6
582,582,582,12/10/2020,55,146.81,8074.55,4
583,583,583,3/7/2020,80,231.27,18501.6,4
584,584,584,5/11/2020,47,511.32,24032.04,5
585,585,585,2/23/2020,77,244.29,18810.33,5
586,586,586,7/21/2020,10,845.67,8456.7,5
587,587,587,1/28/2020,42,831.18,34909.56,12
588,588,588,5/10/2020,83,698.39,57966.37,8
589,589,589,11/11/2020,100,246.56,24656.0,2
590,590,590,8/11/2020,40,50.31,2012.4,12
591,591,591,8/1/2020,18,236.92,4264.56,9
592,592,592,12/22/2020,72,87.06,6268.32,8
593,593,593,1/3/2020,75,836.63,62747.25,7
594,594,594,10/21/2020,71,128.87,9149.77,1
595,595,595,1/31/2020,17,185.58,3154.86,1
596,596,596,7/17/2020,96,286.27,27481.92,1
597,597,597,3/4/2020,14,495.4,6935.6,5
598,598,598,2/12/2020,85,749.37,63696.45,11
599,599,599,10/7/2020,5,483.57,2417.85,10
600,600,600,1/19/2020,24,918.86,22052.64,3
601,601,601,8/10/2020,55,73.74,4055.7,12
602,602,602,10/7/2020,73,903.75,65973.75,12
603,603,603,9/2/2020,84,845.91,71056.44,5
604,604,604,11/27/2020,64,283.81,18163.84,1
605,605,605,4/27/2020,64,433.28,27729.92,10
606,606,606,7/19/2020,9,455.73,4101.57,8
607,607,607,11/6/2020,92,151.93,13977.56,10
608,608,608,9/23/2020,4,328.68,1314.72,5
609,609,609,7/9/2020,97,232.46,22548.62,12
610,610,610,7/4/2020,84,466.47,39183.48,9
611,611,611,7/22/2020,52,161.07,8375.64,9
612,612,612,10/8/2020,33,874.84,28869.72,1
613,613,613,7/30/2020,89,641.45,57089.05,2
614,614,614,12/16/2020,16,386.08,6177.28,3
615,615,615,12/20/2020,50,38.23,1911.5,3
616,616,616,12/2/2020,20,239.51,4790.2,3
617,617,617,1/11/2020,23,208.47,4794.81,12
618,618,618,1/20/2020,23,150.42,3459.66,6
619,619,619,12/2/2020,56,586.5,32844.0,10
620,620,620,12/14/2020,53,938.17,49723.01,3
621,621,621,6/12/2020,75,256.96,19272.0,8
622,622,622,6/15/2020,67,892.4,59790.8,12
623,623,623,4/11/2020,21,618.83,12995.43,9
624,624,624,1/30/2020,11,729.4,8023.4,2
625,625,625,3/29/2020,28,131.98,3695.44,12
626,626,626,12/11/2020,2,791.14,1582.28,9
627,627,627,4/1/2020,78,28.43,2217.54,9
628,628,628,5/14/2020,7,272.8,1909.6,12
629,629,629,1/11/2020,81,498.0,40338.0,1
630,630,630,4/16/2020,23,535.24,12310.52,10
631,631,631,12/5/2020,39,499.79,19491.81,6
632,632,632,10/22/2020,67,767.18,51401.06,5
633,633,633,11/26/2020,70,298.87,20920.9,10
634,634,634,6/12/2020,37,146.1,5405.7,10
635,635,635,5/14/2020,30,827.19,24815.7,7
636,636,636,1/9/2020,28,534.46,14964.88,8
637,637,637,3/19/2020,78,160.33,12505.74,5
638,638,638,3/24/2020,42,15.81,664.02,8
639,639,639,6/26/2020,20,692.94,13858.8,11
640,640,640,11/24/2020,76,308.52,23447.52,7
641,641,641,1/5/2020,27,843.82,22783.14,2
642,642,642,8/3/2020,67,263.69,17667.23,7
643,643,643,5/11/2020,44,525.63,23127.72,10
644,644,644,11/5/2020,15,207.11,3106.65,9
645,645,645,10/7/2020,75,669.32,50199.0,4
646,646,646,2/17/2020,29,772.28,22396.12,1
647,647,647,10/10/2020,53,711.06,37686.18,5
648,648,648,2/24/2020,26,654.68,17021.68,9
649,649,649,12/22/2020,45,95.0,4275.0,4
650,650,650,4/14/2020,31,120.3,3729.3,1
651,651,651,11/4/2020,1,792.36,792.36,2
652,652,652,6/25/2020,31,191.78,5945.18,10
653,653,653,1/22/2020,50,4.94,247.0,1
654,654,654,10/26/2020,19,109.72,2084.68,4
655,655,655,12/13/2020,56,4.46,249.76,3
656,656,656,11/29/2020,50,612.81,30640.5,10
657,657,657,7/7/2020,44,314.96,13858.24,3
658,658,658,3/16/2020,72,44.93,3234.96,3
659,659,659,8/12/2020,77,558.19,42980.63,6
660,660,660,7/8/2020,33,534.21,17628.93,6
661,661,661,7/7/2020,93,2.62,243.66,2
662,662,662,2/5/2020,68,773.58,52603.44,2
663,663,663,7/6/2020,59,722.04,42600.36,2
664,664,664,12/19/2020,75,443.86,33289.5,7
665,665,665,10/5/2020,3,290.93,872.79,3
666,666,666,6/1/2020,37,871.33,32239.21,12
667,667,667,2/23/2020,61,200.41,12225.01,9
668,668,668,3/1/2020,71,219.53,15586.63,2
669,669,669,1/2/2020,71,538.48,38232.08,11
670,670,670,6/15/2020,19,862.49,16387.31,4
671,671,671,1/7/2020,76,574.67,43674.92,7
672,672,672,10/28/2020,37,545.72,20191.64,4
673,673,673,8/14/2020,11,104.31,1147.41,6
674,674,674,10/14/2020,68,548.24,37280.32,12
675,675,675,10/6/2020,46,412.5,18975.0,11
676,676,676,5/2/2020,57,323.02,18412.14,1
677,677,677,2/19/2020,74,745.97,55201.78,8
678,678,678,3/3/2020,94,800.99,75293.06,9
679,679,679,2/4/2020,52,500.66,26034.32,4
680,680,680,9/12/2020,61,864.42,52729.62,8
681,681,681,6/13/2020,30,868.56,26056.8,12
682,682,682,2/3/2020,59,934.99,55164.41,9
683,683,683,4/25/2020,1,504.73,504.73,7
684,684,684,10/16/2020,82,559.5,45879.0,10
685,685,685,11/19/2020,12,708.81,8505.72,5
686,686,686,9/25/2020,58,863.6,50088.8,6
687,687,687,6/20/2020,48,602.56,28922.88,3
688,688,688,12/12/2020,86,982.15,84464.9,6
689,689,689,9/7/2020,42,44.09,1851.78,10
690,690,690,9/12/2020,8,916.02,7328.16,6
691,691,691,8/25/2020,96,617.4,59270.4,12
692,692,692,4/19/2020,17,619.91,10538.47,1
693,693,693,1/8/2020,13,961.22,12495.86,12
694,694,694,2/6/2020,41,691.12,28335.92,6
695,695,695,4/10/2020,86,134.66,11580.76,11
696,696,696,2/4/2020,72,387.93,27930.96,10
697,697,697,5/7/2020,37,225.55,8345.35,8
698,698,698,8/4/2020,96,175.28,16826.88,12
699,699,699,2/4/2020,82,695.27,57012.14,6
700,700,700,3/29/2020,86,176.75,15200.5,6
701,701,701,8/29/2020,47,527.1,24773.7,8
702,702,702,4/27/2020,28,748.79,20966.12,4
703,703,703,6/17/2020,49,788.7,38646.3,2
704,704,704,5/16/2020,89,70.6,6283.4,4
705,705,705,9/15/2020,97,27.21,2639.37,10
706,706,706,6/6/2020,10,318.39,3183.9,7
707,707,707,7/5/2020,35,704.63,24662.05,6
708,708,708,6/4/2020,13,606.93,7890.09,9
709,709,709,1/27/2020,85,234.87,19963.95,5
710,710,710,11/29/2020,38,859.56,32663.28,1
711,711,711,3/24/2020,9,967.16,8704.44,9
712,712,712,10/23/2020,86,753.67,64815.62,5
713,713,713,8/18/2020,59,70.81,4177.79,9
714,714,714,8/9/2020,29,232.23,6734.67,9
715,715,715,10/16/2020,52,323.88,16841.76,5
716,716,716,11/27/2020,94,312.49,29374.06,4
717,717,717,10/19/2020,64,143.06,9155.84,11
718,718,718,7/13/2020,51,872.93,44519.43,11
719,719,719,8/4/2020,62,264.26,16384.12,1
720,720,720,4/23/2020,66,298.64,19710.24,12
721,721,721,10/3/2020,74,655.8,48529.2,4
722,722,722,12/2/2020,37,642.79,23783.23,4
723,723,723,9/16/2020,87,281.87,24522.69,9
724,724,724,12/7/2020,44,684.09,30099.96,8
725,725,725,12/24/2020,33,688.97,22736.01,5
726,726,726,4/1/2020,44,824.95,36297.8,11
727,727,727,6/19/2020,41,155.54,6377.14,2
728,728,728,4/20/2020,98,706.81,69267.38,8
729,729,729,2/9/2020,92,98.56,9067.52,12
730,730,730,12/13/2020,53,517.79,27442.87,1
731,731,731,3/5/2020,14,71.11,995.54,12
732,732,732,5/22/2020,56,921.3,51592.8,10
733,733,733,5/11/2020,41,25.93,1063.13,6
734,734,734,6/24/2020,56,414.44,23208.64,12
735,735,735,7/4/2020,47,697.77,32795.19,12
736,736,736,3/22/2020,50,156.65,7832.5,10
737,737,737,12/15/2020,73,512.21,37391.33,7
738,738,738,12/30/2020,81,311.64,25242.84,5
739,739,739,4/1/2020,66,920.11,60727.26,4
740,740,740,8/23/2020,33,497.58,16420.14,10
741,741,741,6/2/2020,80,594.99,47599.2,3
742,742,742,8/26/2020,59,172.11,10154.49,1
743,743,743,8/25/2020,31,494.56,15331.36,4
744,744,744,2/5/2020,56,654.87,36672.72,6
745,745,745,4/27/2020,46,957.33,44037.18,1
746,746,746,10/29/2020,78,449.31,35046.18,6
747,747,747,2/8/2020,85,900.39,76533.15,1
748,748,748,11/27/2020,95,582.66,55352.7,12
749,749,749,11/8/2020,73,961.99,70225.27,2
750,750,750,8/15/2020,92,82.98,7634.16,2
751,751,751,11/15/2020,77,383.47,29527.19,8
752,752,752,9/8/2020,95,244.46,23223.7,9
753,753,753,5/1/2020,72,862.38,62091.36,3
754,754,754,12/10/2020,96,630.77,60553.92,1
755,755,755,9/11/2020,84,750.51,63042.84,12
756,756,756,1/28/2020,55,205.19,11285.45,8
757,757,757,8/11/2020,83,7.94,659.02,10
758,758,758,9/16/2020,79,877.15,69294.85,6
759,759,759,5/9/2020,20,189.83,3796.6,3
760,760,760,8/10/2020,18,374.01,6732.18,5
761,761,761,3/15/2020,96,392.58,37687.68,7
762,762,762,10/6/2020,2,150.26,300.52,1
763,763,763,2/11/2020,25,57.49,1437.25,12
764,764,764,1/27/2020,30,795.0,23850.0,8
765,765,765,1/7/2020,7,321.28,2248.96,4
766,766,766,1/3/2020,12,761.07,9132.84,7
767,767,767,2/1/2020,96,191.22,18357.12,9
768,768,768,5/25/2020,85,288.94,24559.9,1
769,769,769,8/27/2020,52,557.9,29010.8,3
770,770,770,3/10/2020,84,669.23,56215.32,9
771,771,771,7/1/2020,27,367.65,9926.55,8
772,772,772,6/6/2020,92,816.14,75084.88,3
773,773,773,2/23/2020,41,388.96,15947.36,6
774,774,774,1/30/2020,50,721.7,36085.0,2
775,775,775,12/26/2020,85,497.95,42325.75,3
776,776,776,10/2/2020,23,328.14,7547.22,1
777,777,777,3/9/2020,21,887.7,18641.7,8
778,778,778,9/25/2020,55,385.77,21217.35,8
779,779,779,2/5/2020,23,605.49,13926.27,3
780,780,780,2/22/2020,18,557.55,10035.9,8
781,781,781,6/30/2020,25,606.94,15173.5,2
782,782,782,11/3/2020,30,810.85,24325.5,2
783,783,783,12/28/2020,65,648.38,42144.7,5
784,784,784,12/23/2020,91,456.31,41524.21,12
785,785,785,8/31/2020,1,384.99,384.99,3
786,786,786,4/15/2020,94,196.23,18445.62,7
787,787,787,9/19/2020,58,832.78,48301.24,5
788,788,788,6/5/2020,49,328.43,16093.07,4
789,789,789,4/23/2020,55,930.27,51164.85,9
790,790,790,3/28/2020,48,16.02,768.96,6
791,791,791,10/11/2020,24,827.47,19859.28,6
792,792,792,5/16/2020,1,331.0,331.0,9
793,793,793,9/5/2020,30,477.78,14333.4,5
794,794,794,4/26/2020,88,934.87,82268.56,8
795,795,795,7/12/2020,3,881.82,2645.46,4
796,796,796,9/3/2020,45,153.05,6887.25,4
797,797,797,10/19/2020,4,690.75,2763.0,1
798,798,798,8/16/2020,83,552.99,45898.17,10
799,799,799,11/1/2020,9,567.73,5109.57,9
800,800,800,12/2/2020,16,95.48,1527.68,8
801,801,801,1/21/2020,30,784.06,23521.8,7
802,802,802,11/18/2020,98,886.23,86850.54,11
803,803,803,10/29/2020,36,443.82,15977.52,5
804,804,804,12/19/2020,60,315.52,18931.2,12
805,805,805,7/20/2020,98,43.23,4236.54,5
806,806,806,4/20/2020,87,539.72,46955.64,6
807,807,807,3/23/2020,62,777.14,48182.68,5
808,808,808,2/1/2020,44,724.03,31857.32,6
809,809,809,6/4/2020,81,495.99,40175.19,11
810,810,810,9/2/2020,16,720.58,11529.28,2
811,811,811,5/1/2020,39,591.02,23049.78,12
812,812,812,5/5/2020,13,240.2,3122.6,5
813,813,813,6/12/2020,66,768.26,50705.16,5
814,814,814,9/22/2020,60,253.84,15230.4,2
815,815,815,4/15/2020,98,61.74,6050.52,3
816,816,816,11/18/2020,18,604.72,10884.96,6
817,817,817,4/4/2020,29,87.92,2549.68,5
818,818,818,12/21/2020,61,928.8,56656.8,2
819,819,819,9/18/2020,89,959.96,85436.44,10
820,820,820,2/13/2020,12,807.52,9690.24,5
821,821,821,6/2/2020,47,489.81,23021.07,7
822,822,822,3/12/2020,58,162.86,9445.88,7
823,823,823,1/31/2020,98,199.19,19520.62,3
824,824,824,5/18/2020,82,948.11,77745.02,8
825,825,825,10/1/2020,89,41.99,3737.11,6
826,826,826,1/2/2020,83,764.61,63462.63,7
827,827,827,1/15/2020,9,646.35,5817.15,7
828,828,828,5/11/2020,32,688.13,22020.16,4
829,829,829,1/18/2020,21,740.61,15552.81,1
830,830,830,9/27/2020,74,868.43,64263.82,6
831,831,831,9/19/2020,71,665.14,47224.94,10
832,832,832,12/4/2020,89,633.92,56418.88,3
833,833,833,12/14/2020,79,688.35,54379.65,6
834,834,834,5/9/2020,5,922.56,4612.8,7
835,835,835,5/5/2020,19,577.29,10968.51,3
836,836,836,2/9/2020,47,655.09,30789.23,7
837,837,837,2/25/2020,87,249.12,21673.44,3
838,838,838,11/20/2020,75,669.23,50192.25,1
839,839,839,11/3/2020,84,202.71,17027.64,3
840,840,840,8/11/2020,98,766.63,75129.74,6
841,841,841,8/15/2020,77,392.01,30184.77,12
842,842,842,4/20/2020,51,262.37,13380.87,11
843,843,843,7/27/2020,7,759.64,5317.48,10
844,844,844,10/7/2020,67,92.3,6184.1,1
845,845,845,9/8/2020,43,170.07,7313.01,12
846,846,846,1/28/2020,24,283.79,6810.96,6
847,847,847,5/20/2020,14,392.64,5496.96,7
848,848,848,9/19/2020,20,223.97,4479.4,5
849,849,849,7/13/2020,50,157.61,7880.5,9
850,850,850,5/29/2020,89,442.02,39339.78,4
851,851,851,4/12/2020,45,158.3,7123.5,3
852,852,852,12/3/2020,74,610.23,45157.02,3
853,853,853,11/29/2020,1,21.8,21.8,9
854,854,854,11/1/2020,35,778.58,27250.3,8
855,855,855,7/12/2020,59,606.72,35796.48,12
856,856,856,11/21/2020,40,191.26,7650.4,3
857,857,857,11/29/2020,99,135.6,13424.4,11
858,858,858,3/11/2020,66,923.92,60978.72,11
859,859,859,8/31/2020,7,854.38,5980.66,10
860,860,860,5/16/2020,88,481.98,42414.24,5
861,861,861,1/3/2020,55,334.27,18384.85,1
862,862,862,11/23/2020,97,383.3,37180.1,8
863,863,863,11/14/2020,41,905.16,37111.56,1
864,864,864,10/12/2020,8,53.48,427.84,8
865,865,865,4/2/2020,35,139.79,4892.65,4
866,866,866,9/17/2020,66,108.4,7154.4,1
867,867,867,8/15/2020,57,266.36,15182.52,4
868,868,868,6/12/2020,46,51.0,2346.0,8
869,869,869,12/8/2020,75,7.33,549.75,1
870,870,870,8/30/2020,40,863.7,34548.0,10
871,871,871,7/2/2020,72,367.04,26426.88,9
872,872,872,4/29/2020,27,293.73,7930.71,7
873,873,873,9/15/2020,51,632.86,32275.86,1
874,874,874,5/12/2020,20,625.1,12502.0,6
875,875,875,5/9/2020,100,298.58,29858.0,11
876,876,876,11/14/2020,42,876.57,36815.94,7
877,877,877,2/13/2020,8,210.14,1681.12,5
878,878,878,9/3/2020,67,724.43,48536.81,1
879,879,879,8/27/2020,32,268.46,8590.72,7
880,880,880,6/14/2020,16,318.51,5096.16,11
881,881,881,1/6/2020,70,818.17,57271.9,12
882,882,882,2/29/2020,1,951.6,951.6,11
883,883,883,3/17/2020,85,653.59,55555.15,6
884,884,884,9/21/2020,26,775.84,20171.84,3
885,885,885,7/2/2020,21,254.08,5335.68,12
886,886,886,11/8/2020,50,886.54,44327.0,1
887,887,887,8/19/2020,36,459.13,16528.68,2
888,888,888,2/15/2020,43,644.39,27708.77,6
889,889,889,2/16/2020,96,208.05,19972.8,5
890,890,890,11/6/2020,35,150.2,5257.0,11
891,891,891,2/22/2020,11,895.9,9854.9,2
892,892,892,10/28/2020,38,18.36,697.68,3
893,893,893,5/11/2020,69,841.4,58056.6,11
894,894,894,1/26/2020,17,28.88,490.96,6
895,895,895,3/26/2020,24,552.98,13271.52,3
896,896,896,11/7/2020,74,211.08,15619.92,2
897,897,897,10/9/2020,45,722.39,32507.55,4
898,898,898,2/20/2020,17,661.19,11240.23,4
899,899,899,2/17/2020,29,521.61,15126.69,11
900,900,900,7/5/2020,35,836.2,29267.0,4
901,901,901,4/13/2020,98,298.88,29290.24,3
902,902,902,8/26/2020,86,918.98,79032.28,1
903,903,903,10/7/2020,21,102.43,2151.03,2
904,904,904,11/28/2020,96,626.55,60148.8,10
905,905,905,6/19/2020,91,825.73,75141.43,8
906,906,906,2/21/2020,7,158.66,1110.62,5
907,907,907,10/13/2020,14,619.31,8670.34,10
908,908,908,9/30/2020,11,132.18,1453.98,10
909,909,909,3/23/2020,28,397.62,11133.36,1
910,910,910,6/28/2020,35,392.23,13728.05,12
911,911,911,10/31/2020,54,332.25,17941.5,10
912,912,912,10/16/2020,65,437.0,28405.0,2
913,913,913,4/18/2020,21,936.71,19670.91,8
914,914,914,7/8/2020,46,878.47,40409.62,12
915,915,915,8/20/2020,96,127.9,12278.4,6
916,916,916,5/11/2020,87,535.65,46601.55,3
917,917,917,7/23/2020,53,224.0,11872.0,9
918,918,918,1/18/2020,32,733.8,23481.6,5
919,919,919,7/8/2020,75,629.79,47234.25,7
920,920,920,10/6/2020,24,484.92,11638.08,8
921,921,921,8/2/2020,81,618.84,50126.04,10
922,922,922,7/24/2020,2,507.23,1014.46,11
923,923,923,9/27/2020,66,628.74,41496.84,6
924,924,924,10/23/2020,93,557.91,51885.63,8
925,925,925,8/4/2020,91,963.93,87717.63,11
926,926,926,5/22/2020,15,157.73,2365.95,7
927,927,927,2/22/2020,36,646.62,23278.32,9
928,928,928,1/7/2020,32,692.14,22148.48,8
929,929,929,8/3/2020,94,746.88,70206.72,9
930,930,930,6/21/2020,16,46.3,740.8,9
931,931,931,6/12/2020,79,644.07,50881.53,9
932,932,932,7/18/2020,23,568.16,13067.68,3
933,933,933,11/30/2020,58,227.72,13207.76,11
934,934,934,2/4/2020,16,764.59,12233.44,6
935,935,935,9/1/2020,46,35.87,1650.02,8
936,936,936,1/6/2020,86,499.5,42957.0,7
937,937,937,3/10/2020,44,507.86,22345.84,4
938,938,938,7/10/2020,61,329.51,20100.11,12
939,939,939,8/18/2020,4,205.95,823.8,9
940,940,940,6/4/2020,58,430.5,24969.0,1
941,941,941,4/25/2020,94,271.28,25500.32,1
942,942,942,1/22/2020,47,579.73,27247.31,5
943,943,943,7/14/2020,74,791.45,58567.3,8
944,944,944,1/23/2020,75,898.97,67422.75,11
945,945,945,6/16/2020,10,220.08,2200.8,12
946,946,946,8/18/2020,53,30.57,1620.21,10
947,947,947,1/7/2020,72,622.23,44800.56,7
948,948,948,11/29/2020,73,492.48,35951.04,10
949,949,949,10/2/2020,65,726.0,47190.0,1
950,950,950,3/10/2020,12,175.58,2106.96,10
951,951,951,10/25/2020,9,61.37,552.33,11
952,952,952,11/8/2020,99,640.39,63398.61,2
953,953,953,4/19/2020,93,61.21,5692.53,12
954,954,954,8/18/2020,27,760.62,20536.74,8
955,955,955,6/25/2020,15,491.23,7368.45,6
956,956,956,1/20/2020,51,540.64,27572.64,2
957,957,957,12/25/2020,40,469.4,18776.0,4
958,958,958,3/26/2020,99,984.12,97427.88,10
959,959,959,8/14/2020,22,818.12,17998.64,10
960,960,960,4/14/2020,68,54.47,3703.96,1
961,961,961,10/21/2020,8,137.03,1096.24,5
962,962,962,11/29/2020,75,301.85,22638.75,3
963,963,963,10/31/2020,8,85.69,685.52,9
964,964,964,5/24/2020,73,553.19,40382.87,8
965,965,965,6/12/2020,57,769.39,43855.23,10
966,966,966,2/15/2020,26,755.06,19631.56,12
967,967,967,4/10/2020,46,524.69,24135.74,2
968,968,968,9/9/2020,13,205.79,2675.27,8
969,969,969,6/16/2020,34,909.74,30931.16,3
970,970,970,1/19/2020,6,434.55,2607.3,7
971,971,971,11/16/2020,2,632.13,1264.26,3
972,972,972,8/12/2020,10,400.13,4001.3,5
973,973,973,8/6/2020,54,831.54,44903.16,10
974,974,974,3/15/2020,52,303.34,15773.68,3
975,975,975,10/28/2020,10,267.71,2677.1,11
976,976,976,2/11/2020,38,587.14,22311.32,8
977,977,977,7/7/2020,35,175.45,6140.75,8
978,978,978,12/22/2020,87,651.74,56701.38,3
979,979,979,2/6/2020,75,236.68,17751.0,8
980,980,980,1/24/2020,23,963.56,22161.88,7
981,981,981,11/12/2020,49,686.75,33650.75,10
982,982,982,6/8/2020,21,51.45,1080.45,5
983,983,983,10/6/2020,83,564.36,46841.88,12
984,984,984,2/24/2020,53,596.8,31630.4,9
985,985,985,12/28/2020,9,645.18,5806.62,10
986,986,986,4/30/2020,78,968.78,75564.84,7
987,987,987,1/26/2020,62,930.15,57669.3,4
988,988,988,5/28/2020,82,973.22,79804.04,10
989,989,989,9/25/2020,51,487.92,24883.92,7
990,990,990,10/7/2020,64,849.86,54391.04,3
991,991,991,6/9/2020,68,928.61,63145.48,12
992,992,992,6/24/2020,45,843.48,37956.6,5
993,993,993,8/13/2020,33,822.9,27155.7,8
994,994,994,10/25/2020,51,139.39,7108.89,12
995,995,995,8/27/2020,47,609.68,28654.96,9
996,996,996,8/30/2020,99,995.8,98584.2,3
997,997,997,2/9/2020,85,123.67,10511.95,5
998,998,998,3/23/2020,84,598.01,50232.84,8
999,999,999,3/11/2020,23,372.57,8569.11,12
1000,1000,1000,11/2/2020,86,564.52,48548.72,2
